"percent_total","request","type","domain","owner","owner_country","owner_lineage"
"33.33","https://fonts.googleapis.com/css","stylesheet","googleapis.com","Google APIs","US","Google APIs > Google > Alphabet"
"32.64","https://www.google-analytics.com/analytics.js","script","google-analytics.com","Google Analytics","US","Google Analytics > Google > Alphabet"
"31.94","https://www.google-analytics.com/j/collect","xhr","google-analytics.com","Google Analytics","US","Google Analytics > Google > Alphabet"
"20.14","https://stats.g.doubleclick.net/j/collect","xhr","doubleclick.net","DoubleClick","US","DoubleClick > Google > Alphabet"
"19.44","https://adservice.google.ch/adsid/integrator.js","script","google.ch","Google","US","Google > Alphabet"
"19.44","https://adservice.google.com/adsid/integrator.js","script","google.com","Google","US","Google > Alphabet"
"19.44","https://pagead2.googlesyndication.com/bg/GC5M5N_VN3lVd7ErmxmldCKoshgV9d2S74rLP9hyoZw.js","script","googlesyndication.com","AdSense","US","AdSense > Google > Alphabet"
"19.44","https://pagead2.googlesyndication.com/getconfig/sodar","xhr","googlesyndication.com","AdSense","US","AdSense > Google > Alphabet"
"19.44","https://pagead2.googlesyndication.com/pagead/sodar","image","googlesyndication.com","AdSense","US","AdSense > Google > Alphabet"
"19.44","https://tpc.googlesyndication.com/generate_204","image","googlesyndication.com","AdSense","US","AdSense > Google > Alphabet"
"19.44","https://tpc.googlesyndication.com/sodar/sodar2.js","script","googlesyndication.com","AdSense","US","AdSense > Google > Alphabet"
"19.44","https://tpc.googlesyndication.com/sodar/sodar2/225/runner.html","document","googlesyndication.com","AdSense","US","AdSense > Google > Alphabet"
"19.44","https://www.google.com/recaptcha/api2/aframe","document","google.com","Google","US","Google > Alphabet"
"18.75","https://pagead2.googlesyndication.com/pagead/js/adsbygoogle.js","script","googlesyndication.com","AdSense","US","AdSense > Google > Alphabet"
"18.75","https://www.googletagmanager.com/gtag/js","script","googletagmanager.com","Google Tag Manager","US","Google Tag Manager > Google > Alphabet"
"17.36","https://googleads.g.doubleclick.net/pagead/ads","document","doubleclick.net","DoubleClick","US","DoubleClick > Google > Alphabet"
"17.36","https://partner.googleadservices.com/gampad/cookie.js","script","googleadservices.com","AdSense","US","AdSense > Google > Alphabet"
"15.97","https://fonts.gstatic.com/s/roboto/v30/KFOlCnqEu92Fr1MmWUlfBBc4.woff2","font","gstatic.com","Google","US","Google > Alphabet"
"15.97","https://fonts.gstatic.com/s/roboto/v30/KFOmCnqEu92Fr1Mu4mxK.woff2","font","gstatic.com","Google","US","Google > Alphabet"
"15.97","https://googleads.g.doubleclick.net/pagead/html/r20221206/r20190131/zrt_lookup.html","document","doubleclick.net","DoubleClick","US","DoubleClick > Google > Alphabet"
"15.28","https://pixel.wp.com/g.gif","image","wp.com","Wordpress","US","Wordpress > Automattic"
"14.58","https://fonts.gstatic.com/s/roboto/v18/KFOlCnqEu92Fr1MmEU9fBBc4.woff2","font","gstatic.com","Google","US","Google > Alphabet"
"14.58","https://fonts.gstatic.com/s/roboto/v18/KFOmCnqEu92Fr1Mu4mxK.woff2","font","gstatic.com","Google","US","Google > Alphabet"
"12.5","https://cm.g.doubleclick.net/pixel","image","doubleclick.net","DoubleClick","US","DoubleClick > Google > Alphabet"
"12.5","https://fonts.gstatic.com/s/opensans/v34/memvYaGs126MiZpBA-UvWbX2vVnXBbObj2OVTS-muw.woff2","font","gstatic.com","Google","US","Google > Alphabet"
"12.5","https://googleads.g.doubleclick.net/pagead/id","xhr","doubleclick.net","DoubleClick","US","DoubleClick > Google > Alphabet"
"12.5","https://jnn-pa.googleapis.com/$rpc/google.internal.waa.v1.Waa/Create","other","googleapis.com","Google APIs","US","Google APIs > Google > Alphabet"
"12.5","https://jnn-pa.googleapis.com/$rpc/google.internal.waa.v1.Waa/Create","xhr","googleapis.com","Google APIs","US","Google APIs > Google > Alphabet"
"12.5","https://jnn-pa.googleapis.com/$rpc/google.internal.waa.v1.Waa/GenerateIT","other","googleapis.com","Google APIs","US","Google APIs > Google > Alphabet"
"12.5","https://jnn-pa.googleapis.com/$rpc/google.internal.waa.v1.Waa/GenerateIT","xhr","googleapis.com","Google APIs","US","Google APIs > Google > Alphabet"
"12.5","https://static.doubleclick.net/instream/ad_status.js","script","doubleclick.net","DoubleClick","US","DoubleClick > Google > Alphabet"
"12.5","https://www.youtube.com/s/player/72d3c60a/fetch-polyfill.vflset/fetch-polyfill.js","script","youtube.com","YouTube","US","YouTube > Google > Alphabet"
"12.5","https://www.youtube.com/s/player/72d3c60a/www-embed-player.vflset/www-embed-player.js","script","youtube.com","YouTube","US","YouTube > Google > Alphabet"
"12.5","https://www.youtube.com/s/player/72d3c60a/www-player.css","stylesheet","youtube.com","YouTube","US","YouTube > Google > Alphabet"
"12.5","https://www.youtube.com/youtubei/v1/log_event","xhr","youtube.com","YouTube","US","YouTube > Google > Alphabet"
"11.81","https://pagead2.googlesyndication.com/pagead/gen_204","image","googlesyndication.com","AdSense","US","AdSense > Google > Alphabet"
"11.81","https://www.google.ch/ads/ga-audiences","image","google.ch","Google","US","Google > Alphabet"
"11.81","https://www.google.com/ads/ga-audiences","image","google.com","Google","US","Google > Alphabet"
"11.11","https://fonts.gstatic.com/s/roboto/v30/KFOlCnqEu92Fr1MmEU9fBBc4.woff2","font","gstatic.com","Google","US","Google > Alphabet"
"11.11","https://www.google-analytics.com/collect","image","google-analytics.com","Google Analytics","US","Google Analytics > Google > Alphabet"
"11.11","https://www.google.com/js/th/YkfklCtf3s5-_1quWHAnTHHVaBZ-i7ToAeXFpu3i2Ro.js","script","google.com","Google","US","Google > Alphabet"
"11.11","https://www.gstatic.com/cv/js/sender/v1/cast_sender.js","script","gstatic.com","Google","US","Google > Alphabet"
"11.11","https://www.youtube.com/generate_204","image","youtube.com","YouTube","US","YouTube > Google > Alphabet"
"10.42","https://stats.wp.com/e-202249.js","script","wp.com","Wordpress","US","Wordpress > Automattic"
"9.72","https://play.google.com/log","other","google.com","Google","US","Google > Alphabet"
"9.72","https://play.google.com/log","xhr","google.com","Google","US","Google > Alphabet"
"9.72","https://www.googletagservices.com/activeview/js/current/rx_lidar.js","script","googletagservices.com","Google Tag Manager","US","Google Tag Manager > Google > Alphabet"
"9.03","https://tpc.googlesyndication.com/pagead/js/r20221206/r20110914/abg_lite_fy2021.js","script","googlesyndication.com","AdSense","US","AdSense > Google > Alphabet"
"9.03","https://www.youtube.com/s/player/72d3c60a/player_ias.vflset/en_US/base.js","script","youtube.com","YouTube","US","YouTube > Google > Alphabet"
"9.03","https://www.youtube.com/s/player/72d3c60a/player_ias.vflset/en_US/embed.js","script","youtube.com","YouTube","US","YouTube > Google > Alphabet"
"8.33","https://image6.pubmatic.com/AdServer/UCookieSetPug","image","pubmatic.com","PubMatic","US","PubMatic"
"8.33","https://region1.google-analytics.com/g/collect","ping","google-analytics.com","Google Analytics","US","Google Analytics > Google > Alphabet"
"8.33","https://ssum-sec.casalemedia.com/usermatchredir","image","casalemedia.com","Index Exchange","CA","Index Exchange"
"8.33","https://tpc.googlesyndication.com/pagead/js/r20221206/r20110914/client/qs_click_protection_fy2021.js","script","googlesyndication.com","AdSense","US","AdSense > Google > Alphabet"
"8.33","https://tpc.googlesyndication.com/pagead/js/r20221206/r20110914/client/window_focus_fy2021.js","script","googlesyndication.com","AdSense","US","AdSense > Google > Alphabet"
"7.64","https://connect.facebook.net/de_DE/sdk.js","script","facebook.net","Facebook","US","Facebook"
"7.64","https://fonts.gstatic.com/s/roboto/v30/KFOlCnqEu92Fr1MmSU5fBBc4.woff2","font","gstatic.com","Google","US","Google > Alphabet"
"7.64","https://pixel.rubiconproject.com/exchange/sync.php","image","rubiconproject.com","Rubicon Project","US","Rubicon Project"
"7.64","https://www.youtube.com/s/player/72d3c60a/player_ias.vflset/en_US/remote.js","script","youtube.com","YouTube","US","YouTube > Google > Alphabet"
"6.94","https://googleads.g.doubleclick.net/pagead/adview","fetch","doubleclick.net","DoubleClick","US","DoubleClick > Google > Alphabet"
"6.94","https://match.adsrvr.org/track/cmf/generic","image","adsrvr.org","The Trade Desk","US","The Trade Desk"
"6.94","https://pagead2.googlesyndication.com/pcs/activeview","fetch","googlesyndication.com","AdSense","US","AdSense > Google > Alphabet"
"6.94","https://rtb.openx.net/sync/dds","image","openx.net","OpenX","US","OpenX"
"6.94","https://tpc.googlesyndication.com/pagead/js/r20221206/r20110914/client/load_preloaded_resource_fy2021.js","script","googlesyndication.com","AdSense","US","AdSense > Google > Alphabet"
"6.94","https://www.google.com/ads/measurement/l","image","google.com","Google","US","Google > Alphabet"
"6.25","https://cc.adingo.jp/adx/push/","image","adingo.jp","Fluct","JP","Fluct"
"6.25","https://cm.g.doubleclick.net/pixel/attr","image","doubleclick.net","DoubleClick","US","DoubleClick > Google > Alphabet"
"6.25","https://cms.quantserve.com/dpixel","image","quantserve.com","Quantcast","US","Quantcast"
"6.25","https://odr.mookie1.com/t/v2/sync","image","mookie1.com","Xaxis","US","Xaxis > GroupM > WPP"
"6.25","https://pagead2.googlesyndication.com/pagead/managed/js/adsense/m202211290101/show_ads_impl_fy2021.js","script","googlesyndication.com","AdSense","US","AdSense > Google > Alphabet"
"6.25","https://pagead2.googlesyndication.com/pagead/s/cookie_push_onload.html","document","googlesyndication.com","AdSense","US","AdSense > Google > Alphabet"
"6.25","https://platform.twitter.com/widgets/widget_iframe.644279d1635fd969e87af94a98bd232b.html","document","twitter.com","Twitter","US","Twitter"
"6.25","https://s0.wp.com/_static/","script","wp.com","Wordpress","US","Wordpress > Automattic"
"6.25","https://syndication.twitter.com/settings","fetch","twitter.com","Twitter","US","Twitter"
"6.25","https://www.google.com/recaptcha/api.js","script","google.com","Google","US","Google > Alphabet"
"6.25","https://www.gstatic.com/mysidia/83de75e735dabeddf4e705de6f0a2f41.js","script","gstatic.com","Google","US","Google > Alphabet"
"6.25","https://www.gstatic.com/recaptcha/releases/Km9gKuG06He-isPsP6saG8cn/recaptcha__en.js","script","gstatic.com","Google","US","Google > Alphabet"
"5.56","https://ag.innovid.com/trk","image","innovid.com","Innovid","US","Innovid"
"5.56","https://cdn.onesignal.com/sdks/OneSignalPageSDKES6.js","script","onesignal.com","","",""
"5.56","https://d.agkn.com/pixel/2175/","image","agkn.com","Neustar Marketing","US","Neustar Marketing > Neustar > Golden Gate Capital"
"5.56","https://dsum-sec.casalemedia.com/rrum","image","casalemedia.com","Index Exchange","CA","Index Exchange"
"5.56","https://fonts.gstatic.com/s/googlesans/v45/4UasrENHsxJlGDuGo1OIlJfC6l_24rlCK1Yo_Iqcsih3SAyH6cAwhX9RPjIUvQ.woff2","font","gstatic.com","Google","US","Google > Alphabet"
"5.56","https://platform.twitter.com/widgets.js","script","twitter.com","Twitter","US","Twitter"
"5.56","https://s.pubmine.com/conf","script","pubmine.com","","",""
"5.56","https://s0.wp.com/_static/","stylesheet","wp.com","Wordpress","US","Wordpress > Automattic"
"5.56","https://s0.wp.com/wp-content/mu-plugins/actionbar/actionbar.css","stylesheet","wp.com","Wordpress","US","Wordpress > Automattic"
"5.56","https://s0.wp.com/wp-content/mu-plugins/actionbar/actionbar.js","script","wp.com","Wordpress","US","Wordpress > Automattic"
"5.56","https://s0.wp.com/wp-includes/js/wp-emoji-release.min.js","script","wp.com","Wordpress","US","Wordpress > Automattic"
"5.56","https://stats.wp.com/w.js","script","wp.com","Wordpress","US","Wordpress > Automattic"
"5.56","https://sync.mathtag.com/sync/img","image","mathtag.com","Media Math","US","Media Math"
"5.56","https://syndication.twitter.com/i/jot/embeds","image","twitter.com","Twitter","US","Twitter"
"5.56","https://translate-pa.googleapis.com/v1/supportedLanguages","script","googleapis.com","Google APIs","US","Google APIs > Google > Alphabet"
"5.56","https://translate.google.com/translate_a/element.js","script","google.com","Google","US","Google > Alphabet"
"5.56","https://translate.googleapis.com/_/translate_http/_/js/k=translate_http.tr.de.K9z1uWNLao8.O/d=1/exm=el_conf/ed=1/rs=AN8SPfq0MEi7NVGwAA_e3u3rtuAotyyLHw/m=el_main","script","googleapis.com","Google APIs","US","Google APIs > Google > Alphabet"
"5.56","https://translate.googleapis.com/element/log","other","googleapis.com","Google APIs","US","Google APIs > Google > Alphabet"
"5.56","https://translate.googleapis.com/element/log","xhr","googleapis.com","Google APIs","US","Google APIs > Google > Alphabet"
"5.56","https://translate.googleapis.com/translate_static/css/translateelement.css","stylesheet","googleapis.com","Google APIs","US","Google APIs > Google > Alphabet"
"5.56","https://www.googletagmanager.com/gtm.js","script","googletagmanager.com","Google Tag Manager","US","Google Tag Manager > Google > Alphabet"
"5.56","https://www.gstatic.com/images/branding/product/1x/translate_24dp.png","image","gstatic.com","Google","US","Google > Alphabet"
"5.56","https://www.gstatic.com/images/branding/product/2x/translate_24dp.png","image","gstatic.com","Google","US","Google > Alphabet"
"4.86","https://c1.adform.net/serving/cookie/match","image","adform.net","AdForm","DK","AdForm"
"4.86","https://cdn.onesignal.com/sdks/OneSignalSDK.js","script","onesignal.com","","",""
"4.86","https://connect.facebook.net/en_US/fbevents.js","script","facebook.net","Facebook","US","Facebook"
"4.86","https://dsum-sec.casalemedia.com/rum","image","casalemedia.com","Index Exchange","CA","Index Exchange"
"4.86","https://fonts.googleapis.com/css2","stylesheet","googleapis.com","Google APIs","US","Google APIs > Google > Alphabet"
"4.86","https://googleads.g.doubleclick.net/pagead/drt/s","document","doubleclick.net","DoubleClick","US","DoubleClick > Google > Alphabet"
"4.86","https://googleads.g.doubleclick.net/pagead/drt/si","document","doubleclick.net","DoubleClick","US","DoubleClick > Google > Alphabet"
"4.86","https://id.rlcdn.com/1000.gif","image","rlcdn.com","LiveRamp","US","LiveRamp > Acxiom"
"4.86","https://id.rlcdn.com/466606.gif","image","rlcdn.com","LiveRamp","US","LiveRamp > Acxiom"
"4.86","https://pixel.rubiconproject.com/tap.php","image","rubiconproject.com","Rubicon Project","US","Rubicon Project"
"4.86","https://s.amazon-adsystem.com/ecm3","image","amazon-adsystem.com","Amazon Marketing Services","US","Amazon Marketing Services > Amazon"
"4.86","https://s0.wp.com/wp-content/mu-plugins/global-print/global-print.css","stylesheet","wp.com","Wordpress","US","Wordpress > Automattic"
"4.86","https://us-u.openx.net/w/1.0/sd","image","openx.net","OpenX","US","OpenX"
"4.86","https://www.facebook.com/tr/","image","facebook.com","Facebook","US","Facebook"
"4.86","https://www.google.com/pagead/drt/ui","document","google.com","Google","US","Google > Alphabet"
"4.86","https://www.gstatic.com/recaptcha/releases/Km9gKuG06He-isPsP6saG8cn/styles__ltr.css","stylesheet","gstatic.com","Google","US","Google > Alphabet"
"4.86","https://www.youtube.com/api/stats/qoe","xhr","youtube.com","YouTube","US","YouTube > Google > Alphabet"
"4.17","https://0.gravatar.com/dist/css/hovercard.min.css","stylesheet","gravatar.com","Gravatar","US","Gravatar > Automattic"
"4.17","https://0.gravatar.com/dist/css/services.min.css","stylesheet","gravatar.com","Gravatar","US","Gravatar > Automattic"
"4.17","https://0.gravatar.com/js/gprofiles.js","script","gravatar.com","Gravatar","US","Gravatar > Automattic"
"4.17","https://aax-eu.amazon-adsystem.com/s/dcm","image","amazon-adsystem.com","Amazon Marketing Services","US","Amazon Marketing Services > Amazon"
"4.17","https://acdn.adnxs.com/dmp/async_usersync.html","document","adnxs.com","Xandr","US","Xandr > AT&T"
"4.17","https://adx.adform.net/adx/openrtb","xhr","adform.net","AdForm","DK","AdForm"
"4.17","https://c0.wp.com/c/6.1.1/wp-includes/css/classic-themes.min.css","stylesheet","wp.com","Wordpress","US","Wordpress > Automattic"
"4.17","https://c0.wp.com/c/6.1.1/wp-includes/js/jquery/jquery-migrate.min.js","script","wp.com","Wordpress","US","Wordpress > Automattic"
"4.17","https://c0.wp.com/c/6.1.1/wp-includes/js/jquery/jquery.min.js","script","wp.com","Wordpress","US","Wordpress > Automattic"
"4.17","https://cms.quantserve.com/pixel/p-25CIknq_eSg16.gif","image","quantserve.com","Quantcast","US","Quantcast"
"4.17","https://e.dlx.addthis.com/e/a-1189/s-3614","image","addthis.com","AddThis","US","AddThis > Oracle Data Cloud > Oracle"
"4.17","https://eu-u.openx.net/w/1.0/sd","image","openx.net","OpenX","US","OpenX"
"4.17","https://ib.adnxs.com/getuid","image","adnxs.com","Xandr","US","Xandr > AT&T"
"4.17","https://ib.adnxs.com/ut/v3/prebid","xhr","adnxs.com","Xandr","US","Xandr > AT&T"
"4.17","https://match.adsrvr.org/track/cmf/openx","image","adsrvr.org","The Trade Desk","US","The Trade Desk"
"4.17","https://pagead2.googlesyndication.com/pagead/managed/js/adsense/m202211300101/show_ads_impl_fy2021.js","script","googlesyndication.com","AdSense","US","AdSense > Google > Alphabet"
"4.17","https://pagead2.googlesyndication.com/pagead/managed/js/adsense/m202212010101/show_ads_impl_fy2021.js","script","googlesyndication.com","AdSense","US","AdSense > Google > Alphabet"
"4.17","https://pixel.rubiconproject.com/token","image","rubiconproject.com","Rubicon Project","US","Rubicon Project"
"4.17","https://s.amazon-adsystem.com/dcm","image","amazon-adsystem.com","Amazon Marketing Services","US","Amazon Marketing Services > Amazon"
"4.17","https://s0.wp.com/wp-content/js/rlt-proxy.js","script","wp.com","Wordpress","US","Wordpress > Automattic"
"4.17","https://s0.wp.com/wp-content/mu-plugins/gravatar-hovercards/wpgroho.js","script","wp.com","Wordpress","US","Wordpress > Automattic"
"4.17","https://static.xx.fbcdn.net/rsrc.php/v3/yE/l/0,cross/X8yxM85IJeo.css","stylesheet","fbcdn.net","Facebook","US","Facebook"
"4.17","https://token.rubiconproject.com/token","image","rubiconproject.com","Rubicon Project","US","Rubicon Project"
"4.17","https://www.google.com/recaptcha/api2/anchor","document","google.com","Google","US","Google > Alphabet"
"4.17","https://www.google.com/recaptcha/api2/webworker.js","other","google.com","Google","US","Google > Alphabet"
"4.17","https://www.gstatic.com/images/branding/googlelogo/1x/googlelogo_color_42x16dp.png","image","gstatic.com","Google","US","Google > Alphabet"
"4.17","https://www.youtube.com/s/player/72d3c60a/www-widgetapi.vflset/www-widgetapi.js","script","youtube.com","YouTube","US","YouTube > Google > Alphabet"
"4.17","https://x.bidswitch.net/sync","image","bidswitch.net","Bidswitch","US","Bidswitch > IPONWEB"
"3.47","https://aa.agkn.com/adscores/g.pixel","image","agkn.com","Neustar Marketing","US","Neustar Marketing > Neustar > Golden Gate Capital"
"3.47","https://aax-eu.amazon-adsystem.com/s/dcm","document","amazon-adsystem.com","Amazon Marketing Services","US","Amazon Marketing Services > Amazon"
"3.47","https://aax-eu.amazon-adsystem.com/s/ecm3","image","amazon-adsystem.com","Amazon Marketing Services","US","Amazon Marketing Services > Amazon"
"3.47","https://ad.turn.com/r/cs","image","turn.com","Turn","US","Turn > Amobee > Singtel"
"3.47","https://ads.pubmatic.com/AdServer/js/user_sync.html","document","pubmatic.com","PubMatic","US","PubMatic"
"3.47","https://ads.pubmatic.com/AdServer/js/user_sync.html","image","pubmatic.com","PubMatic","US","PubMatic"
"3.47","https://c0.wp.com/c/6.1.1/wp-includes/css/dist/block-library/style.min.css","stylesheet","wp.com","Wordpress","US","Wordpress > Automattic"
"3.47","https://c0.wp.com/c/6.1.1/wp-includes/js/mediaelement/mediaelementplayer-legacy.min.css","stylesheet","wp.com","Wordpress","US","Wordpress > Automattic"
"3.47","https://c0.wp.com/c/6.1.1/wp-includes/js/mediaelement/wp-mediaelement.min.css","stylesheet","wp.com","Wordpress","US","Wordpress > Automattic"
"3.47","https://c1.adform.net/serving/cookie/match","document","adform.net","AdForm","DK","AdForm"
"3.47","https://cms.quantserve.com/pixel/p-5aWVS_roA1dVM.gif","document","quantserve.com","Quantcast","US","Quantcast"
"3.47","https://d5p.de17a.com/getuid/pubmatic","document","de17a.com","","",""
"3.47","https://d5p.de17a.com/getuid/pubmatic;c","document","de17a.com","","",""
"3.47","https://dis.criteo.com/dis/usersync.aspx","document","criteo.com","Criteo","FR","Criteo"
"3.47","https://dsp.adfarm1.adition.com/cookie/","document","adition.com","Adition Technologies","DE","Adition Technologies"
"3.47","https://dsum-sec.casalemedia.com/crum","image","casalemedia.com","Index Exchange","CA","Index Exchange"
"3.47","https://eus.rubiconproject.com/usync.html","document","rubiconproject.com","Rubicon Project","US","Rubicon Project"
"3.47","https://eus.rubiconproject.com/usync.js","script","rubiconproject.com","Rubicon Project","US","Rubicon Project"
"3.47","https://googlecm.hit.gemius.pl/googleredir","image","gemius.pl","Gemius","PL","Gemius"
"3.47","https://hb-api.omnitagjs.com/hb-api/prebid/v1","xhr","omnitagjs.com","ADYOULIKE","US","ADYOULIKE"
"3.47","https://ib.adnxs.com/async_usersync","script","adnxs.com","Xandr","US","Xandr > AT&T"
"3.47","https://ib.adnxs.com/bounce","image","adnxs.com","Xandr","US","Xandr > AT&T"
"3.47","https://ib.adnxs.com/getuid","document","adnxs.com","Xandr","US","Xandr > AT&T"
"3.47","https://id.rlcdn.com/711916.gif","image","rlcdn.com","LiveRamp","US","LiveRamp > Acxiom"
"3.47","https://image2.pubmatic.com/AdServer/Pug","document","pubmatic.com","PubMatic","US","PubMatic"
"3.47","https://image2.pubmatic.com/AdServer/Pug","image","pubmatic.com","PubMatic","US","PubMatic"
"3.47","https://image4.pubmatic.com/AdServer/SPug","image","pubmatic.com","PubMatic","US","PubMatic"
"3.47","https://image6.pubmatic.com/AdServer/PugMaster","script","pubmatic.com","PubMatic","US","PubMatic"
"3.47","https://image8.pubmatic.com/AdServer/ImgSync","image","pubmatic.com","PubMatic","US","PubMatic"
"3.47","https://lb.eu-1-id5-sync.com/lb/v1","xhr","eu-1-id5-sync.com","","",""
"3.47","https://match.adsrvr.org/track/cmf/rubicon","image","adsrvr.org","The Trade Desk","US","The Trade Desk"
"3.47","https://mwzeom.zeotap.com/mw","image","zeotap.com","Zeotap","DE","Zeotap"
"3.47","https://odr.mookie1.com/t/v2","image","mookie1.com","Xaxis","US","Xaxis > GroupM > WPP"
"3.47","https://onesignal.com/sdks/OneSignalSDKStyles.css","stylesheet","onesignal.com","","",""
"3.47","https://onetag-sys.com/match/","image","onetag-sys.com","","",""
"3.47","https://onetag-sys.com/usync/","document","onetag-sys.com","","",""
"3.47","https://pixel-eu.rubiconproject.com/exchange/sync.php","image","rubiconproject.com","Rubicon Project","US","Rubicon Project"
"3.47","https://pixel.onaudience.com/","image","onaudience.com","OnAudience","UK","OnAudience"
"3.47","https://pixel.tapad.com/idsync/ex/receive","image","tapad.com","TapAd","US","TapAd > Telenor"
"3.47","https://pixel.tapad.com/idsync/ex/receive/check","image","tapad.com","TapAd","US","TapAd > Telenor"
"3.47","https://px.ads.linkedin.com/setuid","image","linkedin.com","LinkedIn","US","LinkedIn > Microsoft"
"3.47","https://secure.adnxs.com/getuid","image","adnxs.com","Xandr","US","Xandr > AT&T"
"3.47","https://secure.quantserve.com/quant.js","script","quantserve.com","Quantcast","US","Quantcast"
"3.47","https://securepubads.g.doubleclick.net/pagead/ppub_config","xhr","doubleclick.net","DoubleClick","US","DoubleClick > Google > Alphabet"
"3.47","https://simage2.pubmatic.com/AdServer/Pug","document","pubmatic.com","PubMatic","US","PubMatic"
"3.47","https://simage2.pubmatic.com/AdServer/Pug","image","pubmatic.com","PubMatic","US","PubMatic"
"3.47","https://simage4.pubmatic.com/AdServer/SPug","script","pubmatic.com","PubMatic","US","PubMatic"
"3.47","https://ssbsync-global.smartadserver.com/api/sync","image","smartadserver.com","Smart AdServer","FR","Smart AdServer"
"3.47","https://ssl.google-analytics.com/ga.js","script","google-analytics.com","Google Analytics","US","Google Analytics > Google > Alphabet"
"3.47","https://ssl.google-analytics.com/r/__utm.gif","image","google-analytics.com","Google Analytics","US","Google Analytics > Google > Alphabet"
"3.47","https://static.xx.fbcdn.net/rsrc.php/v3/yg/r/72n-ymLXKVc.js","script","fbcdn.net","Facebook","US","Facebook"
"3.47","https://sync.mathtag.com/sync/img","document","mathtag.com","Media Math","US","Media Math"
"3.47","https://um.simpli.fi/pubmatic","image","simpli.fi","simpli.fi","US","simpli.fi > GTCR"
"3.47","https://ups.analytics.yahoo.com/ups/58292/sync","image","yahoo.com","Yahoo","US","Yahoo > Verizon Media > Verizon"
"3.47","https://ups.analytics.yahoo.com/ups/58488/occ","image","yahoo.com","Yahoo","US","Yahoo > Verizon Media > Verizon"
"3.47","https://widgets.wp.com/languages/de-v1.1.json","xhr","wp.com","Wordpress","US","Wordpress > Automattic"
"3.47","https://widgets.wp.com/likes/master.html","document","wp.com","Wordpress","US","Wordpress > Automattic"
"3.47","https://widgets.wp.com/likes/style.css","stylesheet","wp.com","Wordpress","US","Wordpress > Automattic"
"3.47","https://www.youtube.com/s/player/72d3c60a/player_ias.vflset/de_DE/base.js","script","youtube.com","YouTube","US","YouTube > Google > Alphabet"
"3.47","https://www.youtube.com/s/player/72d3c60a/player_ias.vflset/de_DE/embed.js","script","youtube.com","YouTube","US","YouTube > Google > Alphabet"
"3.47","https://x.bidswitch.net/ul_cb/sync","image","bidswitch.net","Bidswitch","US","Bidswitch > IPONWEB"
"2.78","https://a.audrte.com/match","image","audrte.com","","",""
"2.78","https://a.audrte.com/p","image","audrte.com","","",""
"2.78","https://a.teads.tv/analytics/tag.js","script","teads.tv","Teads","US","Teads > Altice SA"
"2.78","https://a.tribalfusion.com/i.match","document","tribalfusion.com","Tribal Fusion","US","Tribal Fusion > Exponential Advertising Intelligence"
"2.78","https://ad.360yield.com/match","image","360yield.com","Improve Digital","NL","Improve Digital > Azerion"
"2.78","https://ad.360yield.com/pb","xhr","360yield.com","Improve Digital","NL","Improve Digital > Azerion"
"2.78","https://ads.playground.xyz/usersync/apn","image","playground.xyz","","",""
"2.78","https://ads.themoneytizer.com/moneybile.js","script","themoneytizer.com","","",""
"2.78","https://ads.themoneytizer.com/s/gen.js","script","themoneytizer.com","","",""
"2.78","https://ads.themoneytizer.com/s/requestform.js","script","themoneytizer.com","","",""
"2.78","https://adtrack.adleadevent.com/notifyme.php","xhr","adleadevent.com","","",""
"2.78","https://ajax.googleapis.com/ajax/libs/jquery/3.0.0/jquery.min.js","script","googleapis.com","Google APIs","US","Google APIs > Google > Alphabet"
"2.78","https://ap.lijit.com/pixel","image","lijit.com","Sovrn","US","Sovrn > Federated Media"
"2.78","https://aud.pubmatic.com/AdServer/Artemis","image","pubmatic.com","PubMatic","US","PubMatic"
"2.78","https://beacon.krxd.net/usermatch.gif","image","krxd.net","Salesforce DMP","US","Salesforce DMP > Salesforce"
"2.78","https://beacon.walmart.com/etap.gif","image","walmart.com","Walmart","US","Walmart"
"2.78","https://bh.contextweb.com/bh/rtset","document","contextweb.com","PulsePoint","US","PulsePoint"
"2.78","https://c.tmyzer.com/c/","xhr","tmyzer.com","","",""
"2.78","https://c0.pubmine.com/2.36.71660581586862/3.js","script","pubmine.com","","",""
"2.78","https://c0.pubmine.com/2.36.71660581586862/ata.js","script","pubmine.com","","",""
"2.78","https://ced.sascdn.com/tag/1097/smart.js","script","sascdn.com","Smart AdServer","FR","Smart AdServer"
"2.78","https://cm.adform.net/cookie","document","adform.net","AdForm","DK","AdForm"
"2.78","https://cm.adgrx.com/bridge","document","adgrx.com","AdGear","CA","AdGear > Samsung"
"2.78","https://cm.g.doubleclick.net/pixel","document","doubleclick.net","DoubleClick","US","DoubleClick > Google > Alphabet"
"2.78","https://cms.analytics.yahoo.com/cms","image","yahoo.com","Yahoo","US","Yahoo > Verizon Media > Verizon"
"2.78","https://contextual.media.net/checksync.php","document","media.net","Media.net","US","Media.net"
"2.78","https://core.iprom.net/cookiesync","document","iprom.net","","",""
"2.78","https://cr.frontend.weborama.fr/cr","image","weborama.fr","Weborama","FR","Weborama"
"2.78","https://creativecdn.com/cm-notify","document","creativecdn.com","","",""
"2.78","https://csync.loopme.me/","document","loopme.me","Loopme","UK","Loopme"
"2.78","https://csync.loopme.me/","image","loopme.me","Loopme","UK","Loopme"
"2.78","https://d2zur9cc2gf1tx.cloudfront.net/a96081b6-db78-48c4-9f82-b93e316fb1f7/notifyme.js","script","cloudfront.net","Amazon","US","Amazon"
"2.78","https://dmp.adform.net/serving/cookie/match/","image","adform.net","AdForm","DK","AdForm"
"2.78","https://dmp.v.fwmrm.net/ad/u","image","fwmrm.net","FreeWheel","US","FreeWheel > Comcast"
"2.78","https://dpm.demdex.net/demconf.jpg","image","demdex.net","Adobe Audience Manager","US","Adobe Audience Manager > Adobe Experience Cloud > Adobe Systems"
"2.78","https://dsp.adfarm1.adition.com/cookie/","image","adition.com","Adition Technologies","DE","Adition Technologies"
"2.78","https://engine.widespace.com/map/ext/api/trackingcallback/v1","image","widespace.com","","",""
"2.78","https://euc-ice.360yield.com/match","image","360yield.com","Improve Digital","NL","Improve Digital > Azerion"
"2.78","https://googleads.g.doubleclick.net/pagead/html/r20221130/r20190131/zrt_lookup.html","document","doubleclick.net","DoubleClick","US","DoubleClick > Google > Alphabet"
"2.78","https://green.erne.co/bidswitch/cm","image","erne.co","","",""
"2.78","https://green.erne.co/pubmatic/cm","document","erne.co","","",""
"2.78","https://gum.criteo.com/sid/json","other","criteo.com","Criteo","FR","Criteo"
"2.78","https://gum.criteo.com/sid/json","xhr","criteo.com","Criteo","FR","Criteo"
"2.78","https://gum.criteo.com/sync","script","criteo.com","Criteo","FR","Criteo"
"2.78","https://id5-sync.com/api/config/prebid","xhr","id5-sync.com","ID5 Technology","UK","ID5 Technology"
"2.78","https://id5-sync.com/g/v2/12.json","xhr","id5-sync.com","ID5 Technology","UK","ID5 Technology"
"2.78","https://id5-sync.com/i/12/9.gif","image","id5-sync.com","ID5 Technology","UK","ID5 Technology"
"2.78","https://idsync.frontend.weborama.fr/ids","image","weborama.fr","Weborama","FR","Weborama"
"2.78","https://ipac.ctnsnet.com/int/cm","document","ctnsnet.com","Crimtan","UK","Crimtan"
"2.78","https://kvt.sddan.com/api/v1/public/p/29567/d/50/s","xhr","sddan.com","","",""
"2.78","https://loadeu.exelator.com/load/","image","exelator.com","exelate","US","exelate > Nielsen Online"
"2.78","https://match.360yield.com/match","image","360yield.com","Improve Digital","NL","Improve Digital > Azerion"
"2.78","https://match.adsby.bidtheatre.com/pubmaticmatch","image","bidtheatre.com","Bidtheatre","SE","Bidtheatre"
"2.78","https://match.adsrvr.org/track/cmf/casale","image","adsrvr.org","The Trade Desk","US","The Trade Desk"
"2.78","https://match.adsrvr.org/track/cmf/generic","document","adsrvr.org","The Trade Desk","US","The Trade Desk"
"2.78","https://match.prod.bidr.io/cookie-sync","document","bidr.io","Beeswax","US","Beeswax"
"2.78","https://match.prod.bidr.io/cookie-sync/adx","document","bidr.io","Beeswax","US","Beeswax"
"2.78","https://match.prod.bidr.io/cookie-sync/pm","document","bidr.io","Beeswax","US","Beeswax"
"2.78","https://matching.truffle.bid/sync/pub","document","truffle.bid","","",""
"2.78","https://maxcdn.bootstrapcdn.com/font-awesome/4.7.0/css/font-awesome.min.css","stylesheet","bootstrapcdn.com","StackPath","US","StackPath"
"2.78","https://obgpm76tt0a0sgozk8l.redinuid.imrworldwide.com/zeo","image","imrworldwide.com","Nielsen Online","US","Nielsen Online"
"2.78","https://p.rfihub.com/cm","image","rfihub.com","Rocketfuel","US","Rocketfuel > Sizmek > Amazon"
"2.78","https://pagead2.googlesyndication.com/pagead/managed/js/adsense/m202212050101/show_ads_impl_fy2021.js","script","googlesyndication.com","AdSense","US","AdSense > Google > Alphabet"
"2.78","https://pixel-eu.onaudience.com/","document","onaudience.com","OnAudience","UK","OnAudience"
"2.78","https://pixel-eu.onaudience.com/","image","onaudience.com","OnAudience","UK","OnAudience"
"2.78","https://pixel-sync.sitescout.com/dmp/pixelSync","image","sitescout.com","SiteScout","US","SiteScout > Centro"
"2.78","https://pixel.mathtag.com/sync/img","image","mathtag.com","Media Math","US","Media Math"
"2.78","https://pixel.tapad.com/idsync/ex/push","image","tapad.com","TapAd","US","TapAd > Telenor"
"2.78","https://platform.twitter.com/js/button.d2f864f87f544dc0c11d7d712a191c1f.js","script","twitter.com","Twitter","US","Twitter"
"2.78","https://pubmatic-match.dotomi.com/match/bounce/current","image","dotomi.com","Dotomi","US","Dotomi > Conversant Media > Here, There & Everywhere"
"2.78","https://pubtagmanager.com/i.gif","image","pubtagmanager.com","","",""
"2.78","https://rtb-csync.smartadserver.com/redir","document","smartadserver.com","Smart AdServer","FR","Smart AdServer"
"2.78","https://rtb-csync.smartadserver.com/redir/","image","smartadserver.com","Smart AdServer","FR","Smart AdServer"
"2.78","https://rules.quantcount.com/rules-p-6Fv0cGNfc_bw8.js","script","quantcount.com","Quantcast","US","Quantcast"
"2.78","https://s.pubmine.com/adconf","xhr","pubmine.com","","",""
"2.78","https://s.pubmine.com/adjr","xhr","pubmine.com","","",""
"2.78","https://s.pubmine.com/pixel","image","pubmine.com","","",""
"2.78","https://s.tribalfusion.com/z/i.match","document","tribalfusion.com","Tribal Fusion","US","Tribal Fusion > Exponential Advertising Intelligence"
"2.78","https://s0.wp.com/i/logo/wpcom-gray-white.png","image","wp.com","Wordpress","US","Wordpress > Automattic"
"2.78","https://s0.wp.com/wp-content/mu-plugins/highlander-comments/style.css","stylesheet","wp.com","Wordpress","US","Wordpress > Automattic"
"2.78","https://script.4dex.io/adagio.js","fetch","4dex.io","","",""
"2.78","https://script.4dex.io/localstore.js","script","4dex.io","","",""
"2.78","https://securepubads.g.doubleclick.net/gpt/pubads_impl_2022120101.js","script","doubleclick.net","DoubleClick","US","DoubleClick > Google > Alphabet"
"2.78","https://spl.zeotap.com/","document","zeotap.com","Zeotap","DE","Zeotap"
"2.78","https://spl.zeotap.com/","xhr","zeotap.com","Zeotap","DE","Zeotap"
"2.78","https://spl.zeotap.com/mapper.js","script","zeotap.com","Zeotap","DE","Zeotap"
"2.78","https://ssum.casalemedia.com/usermatch","document","casalemedia.com","Index Exchange","CA","Index Exchange"
"2.78","https://static.addtoany.com/menu/modules/core.9b4ec89f.js","script","addtoany.com","","",""
"2.78","https://static.addtoany.com/menu/page.js","script","addtoany.com","","",""
"2.78","https://static.addtoany.com/menu/sm.24.html","document","addtoany.com","","",""
"2.78","https://static.xx.fbcdn.net/rsrc.php/v3/y6/r/8LoDHCcRMmF.js","script","fbcdn.net","Facebook","US","Facebook"
"2.78","https://static.xx.fbcdn.net/rsrc.php/v3/yH/r/att8vh4fKZW.js","script","fbcdn.net","Facebook","US","Facebook"
"2.78","https://static.xx.fbcdn.net/rsrc.php/v3/yR/r/bPhRbIw5d4Y.js","script","fbcdn.net","Facebook","US","Facebook"
"2.78","https://static.xx.fbcdn.net/rsrc.php/v3/yX/r/JYOpIVwZVr3.js","script","fbcdn.net","Facebook","US","Facebook"
"2.78","https://static.xx.fbcdn.net/rsrc.php/v3/yt/l/0,cross/k9frVvgZWTr.css","stylesheet","fbcdn.net","Facebook","US","Facebook"
"2.78","https://static.xx.fbcdn.net/rsrc.php/v3/yw/r/UXtr_j2Fwe-.png","image","fbcdn.net","Facebook","US","Facebook"
"2.78","https://sync-tm.everesttech.net/ct/upi/pid/b9pj45k4","document","everesttech.net","Adobe Experience Cloud","US","Adobe Experience Cloud > Adobe Systems"
"2.78","https://sync-tm.everesttech.net/ct/upi/pid/cQZGoH6Q","image","everesttech.net","Adobe Experience Cloud","US","Adobe Experience Cloud > Adobe Systems"
"2.78","https://sync-tm.everesttech.net/upi/pid/b9pj45k4","document","everesttech.net","Adobe Experience Cloud","US","Adobe Experience Cloud > Adobe Systems"
"2.78","https://sync-tm.everesttech.net/upi/pid/cQZGoH6Q","image","everesttech.net","Adobe Experience Cloud","US","Adobe Experience Cloud > Adobe Systems"
"2.78","https://sync.1rx.io/usersync2/pubmatic&gdpr=0&gdpr_consent=","document","1rx.io","Blinkx","US","Blinkx > RhythmOne > Taptica > Marimedia"
"2.78","https://sync.crwdcntrl.net/qmap","image","crwdcntrl.net","Lotame","US","Lotame"
"2.78","https://sync.richaudience.com/1988B3F6BED450961C9D70DD91/","image","richaudience.com","","",""
"2.78","https://sync.smartadserver.com/getuid","image","smartadserver.com","Smart AdServer","FR","Smart AdServer"
"2.78","https://sync.srv.stackadapt.com/sync","document","stackadapt.com","","",""
"2.78","https://sync.tidaltv.com/genericusersync.ashx","image","tidaltv.com","Videology Group","US","Videology Group > Amobee > Singtel"
"2.78","https://tag.leadplace.fr/libJsLP.js","script","leadplace.fr","","",""
"2.78","https://tags.bluekai.com/site/87734","image","bluekai.com","Oracle Blue Kai","US","Oracle Blue Kai > Oracle Data Cloud > Oracle"
"2.78","https://tpc.googlesyndication.com/pagead/js/r20221206/r20110914/elements/html/interstitial_ad_frame_fy2021.js","script","googlesyndication.com","AdSense","US","AdSense > Google > Alphabet"
"2.78","https://tpc.googlesyndication.com/sodar/Enqz_20U.html","document","googlesyndication.com","AdSense","US","AdSense > Google > Alphabet"
"2.78","https://tpc.googlesyndication.com/sodar/UFYwWwmt.js","script","googlesyndication.com","AdSense","US","AdSense > Google > Alphabet"
"2.78","https://track.adform.net/serving/cookie/match/","image","adform.net","AdForm","DK","AdForm"
"2.78","https://trc.taboola.com/sg/zeotap/1/cm","image","taboola.com","Taboola","US","Taboola"
"2.78","https://uipglob.semasio.net/pubmatic/1/info","image","semasio.net","Semasio","DE","Semasio"
"2.78","https://uipglob.semasio.net/pubmatic/1/info2","image","semasio.net","Semasio","DE","Semasio"
"2.78","https://um.simpli.fi/pm_match","document","simpli.fi","simpli.fi","US","simpli.fi > GTCR"
"2.78","https://ups.analytics.yahoo.com/ups/58697/cms","image","yahoo.com","Yahoo","US","Yahoo > Verizon Media > Verizon"
"2.78","https://usermatch.krxd.net/um/v2","image","krxd.net","Salesforce DMP","US","Salesforce DMP > Salesforce"
"2.78","https://visitor.fiftyt.com/p.gif","image","fiftyt.com","Fifty Technology","UK","Fifty Technology"
"2.78","https://w.ad.style/get","other","ad.style","","",""
"2.78","https://w.ad.style/get","xhr","ad.style","","",""
"2.78","https://w.ad.style/image/","image","ad.style","","",""
"2.78","https://w.ad.style/img/aslogo.svg","image","ad.style","","",""
"2.78","https://widgets.ad.style/native.js","script","ad.style","","",""
"2.78","https://widgets.wp.com/likes/index.html","document","wp.com","Wordpress","US","Wordpress > Automattic"
"2.78","https://wt.rqtrk.eu/6f4bcf39-b286-4d76-b513-ffb5541d5167-trk.js","script","rqtrk.eu","","",""
"2.78","https://www.facebook.com/tr/","ping","facebook.com","Facebook","US","Facebook"
"2.78","https://www.gstatic.com/mysidia/6548e2693f53f59daa3961d0dd1d6f1f.js","script","gstatic.com","Google","US","Google > Alphabet"
"2.78","https://www.gstatic.com/recaptcha/api2/logo_48.png","image","gstatic.com","Google","US","Google > Alphabet"
"2.78","https://www.paypal.com/de_DE/i/scr/pixel.gif","image","paypal.com","","",""
"2.78","https://www.paypalobjects.com/de_DE/DE/i/btn/btn_donateCC_LG.gif","image","paypalobjects.com","","",""
"2.78","https://www.paypalobjects.com/de_DE/i/scr/pixel.gif","image","paypalobjects.com","","",""
"2.78","https://www.youtube.com/s/player/72d3c60a/player_ias.vflset/de_DE/remote.js","script","youtube.com","YouTube","US","YouTube > Google > Alphabet"
"2.08","http://fonts.googleapis.com/css","stylesheet","googleapis.com","Google APIs","US","Google APIs > Google > Alphabet"
"2.08","https://a.sportradarserving.com/sync","image","sportradarserving.com","","",""
"2.08","https://a.sportradarserving.com/ul_cb/sync","image","sportradarserving.com","","",""
"2.08","https://ad.360yield.com/server_match","image","360yield.com","Improve Digital","NL","Improve Digital > Azerion"
"2.08","https://ad.360yield.com/ul_cb/server_match","image","360yield.com","Improve Digital","NL","Improve Digital > Azerion"
"2.08","https://ads.creative-serving.com/bsw_sync","image","creative-serving.com","","",""
"2.08","https://ads.creative-serving.com/ul_cb/bsw_sync","image","creative-serving.com","","",""
"2.08","https://ads.stickyadstv.com/user-matching","document","stickyadstv.com","StickyADS.tv","US","StickyADS.tv > Comcast"
"2.08","https://ads.themoneytizer.com/bidder1/moneybid.js","xhr","themoneytizer.com","","",""
"2.08","https://ads.themoneytizer.com/lib_watermark.js","script","themoneytizer.com","","",""
"2.08","https://ads.themoneytizer.com/media/tm.png","image","themoneytizer.com","","",""
"2.08","https://ajax.googleapis.com/ajax/libs/jqueryui/1.13.1/themes/smoothness/jquery-ui.css","stylesheet","googleapis.com","Google APIs","US","Google APIs > Google > Alphabet"
"2.08","https://ap.lijit.com/pixel","document","lijit.com","Sovrn","US","Sovrn > Federated Media"
"2.08","https://api.cleverpush.com/channel/QTWrbN5zWDT3m4obs/config","fetch","cleverpush.com","","",""
"2.08","https://apis.google.com/js/platform.js","script","google.com","Google","US","Google > Alphabet"
"2.08","https://b1h.zemanta.com/api/bidder/prebid/bid/","xhr","zemanta.com","","",""
"2.08","https://b1h.zemanta.com/usersync/prebid","image","zemanta.com","","",""
"2.08","https://bidder.criteo.com/cdb","xhr","criteo.com","Criteo","FR","Criteo"
"2.08","https://bidder.criteo.com/csm/events","ping","criteo.com","Criteo","FR","Criteo"
"2.08","https://c0.wp.com/c/6.1.1/wp-includes/css/dashicons.min.css","stylesheet","wp.com","Wordpress","US","Wordpress > Automattic"
"2.08","https://c0.wp.com/c/6.1.1/wp-includes/js/imagesloaded.min.js","script","wp.com","Wordpress","US","Wordpress > Automattic"
"2.08","https://c21lg-d.media.net/log","image","media.net","Media.net","US","Media.net"
"2.08","https://cdn.connectad.io/connectmyusers.php","document","connectad.io","","",""
"2.08","https://cdn.jsdelivr.net/gh/prebid/currency-file@1/latest.json","xhr","jsdelivr.net","jsDelivr","US","jsDelivr > Prospect One"
"2.08","https://cdn.privacy-mgmt.com/consent/tcfv2/vendor-list/categories","fetch","privacy-mgmt.com","","",""
"2.08","https://code.jquery.com/jquery-3.6.0.min.js","script","jquery.com","JS Foundation","US","JS Foundation"
"2.08","https://connect.facebook.net/en_US/sdk.js","script","facebook.net","Facebook","US","Facebook"
"2.08","https://connect.facebook.net/signals/config/338424401544922","script","facebook.net","Facebook","US","Facebook"
"2.08","https://contextual.media.net/nmedianet.js","script","media.net","Media.net","US","Media.net"
"2.08","https://contextual.media.net/smtr","script","media.net","Media.net","US","Media.net"
"2.08","https://cs.media.net/cksync","image","media.net","Media.net","US","Media.net"
"2.08","https://csync.smilewanted.com/","document","smilewanted.com","","",""
"2.08","https://csync.smilewanted.com/drop_cookie_sw.php","document","smilewanted.com","","",""
"2.08","https://csync.smilewanted.com/getuid","document","smilewanted.com","","",""
"2.08","https://de.tynt.com/deb/","document","tynt.com","33Across","US","33Across"
"2.08","https://dsum.casalemedia.com/rum","image","casalemedia.com","Index Exchange","CA","Index Exchange"
"2.08","https://fastlane.rubiconproject.com/a/api/fastlane.json","xhr","rubiconproject.com","Rubicon Project","US","Rubicon Project"
"2.08","https://fls-eu.amazon-adsystem.com/1/associates-ads/1/OP/r/json","image","amazon-adsystem.com","Amazon Marketing Services","US","Amazon Marketing Services > Amazon"
"2.08","https://fonts.gstatic.com/s/merriweather/v30/u-440qyriQwlOrhSvowK_l5-fCZM.woff2","font","gstatic.com","Google","US","Google > Alphabet"
"2.08","https://fonts.gstatic.com/s/roboto/v30/KFOkCnqEu92Fr1Mu51xIIzI.woff2","font","gstatic.com","Google","US","Google > Alphabet"
"2.08","https://fonts.gstatic.com/s/robotocondensed/v25/ieVi2ZhZI2eCN5jzbjEETS9weq8-32meGCQYbw.woff2","font","gstatic.com","Google","US","Google > Alphabet"
"2.08","https://fundingchoicesmessages.google.com/img/px.gif","image","google.com","Google","US","Google > Alphabet"
"2.08","https://googleads.g.doubleclick.net/dbm/ad","script","doubleclick.net","DoubleClick","US","DoubleClick > Google > Alphabet"
"2.08","https://googleads.g.doubleclick.net/pagead/html/r20221206/r20110914/zrt_lookup.html","document","doubleclick.net","DoubleClick","US","DoubleClick > Google > Alphabet"
"2.08","https://googleads.g.doubleclick.net/xbbe/pixel","document","doubleclick.net","DoubleClick","US","DoubleClick > Google > Alphabet"
"2.08","https://googleads4.g.doubleclick.net/pcs/view","fetch","doubleclick.net","DoubleClick","US","DoubleClick > Google > Alphabet"
"2.08","https://hblg.media.net/clog","image","media.net","Media.net","US","Media.net"
"2.08","https://ib.adnxs.com/prebid/setuid","document","adnxs.com","Xandr","US","Xandr > AT&T"
"2.08","https://ic.tynt.com/r/d","document","tynt.com","33Across","US","33Across"
"2.08","https://ice.360yield.com/server_match","document","360yield.com","Improve Digital","NL","Improve Digital > Azerion"
"2.08","https://id5-sync.com/g/v2/102.json","xhr","id5-sync.com","ID5 Technology","UK","ID5 Technology"
"2.08","https://lg3.media.net/bping.php","image","media.net","Media.net","US","Media.net"
"2.08","https://lg3.media.net/bql.php","script","media.net","Media.net","US","Media.net"
"2.08","https://match.sharethrough.com/universal/v1","document","sharethrough.com","Sharethrough","US","Sharethrough"
"2.08","https://maxcdn.bootstrapcdn.com/font-awesome/4.3.0/css/font-awesome.min.css","stylesheet","bootstrapcdn.com","StackPath","US","StackPath"
"2.08","https://mc.yandex.ru/metrika/advert.gif","image","yandex.ru","Yandex","RU","Yandex"
"2.08","https://mp.4dex.io/prebid","xhr","4dex.io","","",""
"2.08","https://neopresse.cleverpush.com/iframe","document","cleverpush.com","","",""
"2.08","https://onetag-sys.com/prebid-request","xhr","onetag-sys.com","","",""
"2.08","https://p.typekit.net/p.gif","image","typekit.net","Adobe Fonts","US","Adobe Fonts > Adobe Systems"
"2.08","https://pagead2.googlesyndication.com/bg/T3BTWj-SqXOOtsP36vZJ1esojObpW8ivZm_viBadolo.js","script","googlesyndication.com","AdSense","US","AdSense > Google > Alphabet"
"2.08","https://pagead2.googlesyndication.com/pagead/js/r20221206/r20110914/elements/html/omrhp.js","script","googlesyndication.com","AdSense","US","AdSense > Google > Alphabet"
"2.08","https://pixel.rubiconproject.com/exchange/sync.php","document","rubiconproject.com","Rubicon Project","US","Rubicon Project"
"2.08","https://platform.twitter.com/_next/static/chunks/0.bf1027b56ec9497157ca.js","script","twitter.com","Twitter","US","Twitter"
"2.08","https://platform.twitter.com/_next/static/chunks/1.65f30b6faef659663dce.js","script","twitter.com","Twitter","US","Twitter"
"2.08","https://platform.twitter.com/_next/static/chunks/2.691622e4391d1973cb65.js","script","twitter.com","Twitter","US","Twitter"
"2.08","https://platform.twitter.com/_next/static/chunks/4.158dc38fd991a081ad9e.js","script","twitter.com","Twitter","US","Twitter"
"2.08","https://platform.twitter.com/_next/static/chunks/main-5325a8272647bc330971.js","script","twitter.com","Twitter","US","Twitter"
"2.08","https://platform.twitter.com/_next/static/chunks/modules.3e7fdd96591c573dde4c.js","script","twitter.com","Twitter","US","Twitter"
"2.08","https://platform.twitter.com/_next/static/chunks/ondemand.Dropdown.32cd349402647790873d.js","script","twitter.com","Twitter","US","Twitter"
"2.08","https://platform.twitter.com/_next/static/chunks/pages/_app-86af437e3e28541d5e09.js","script","twitter.com","Twitter","US","Twitter"
"2.08","https://platform.twitter.com/_next/static/chunks/pages/timeline-profile/screen-name/%5BscreenName%5D-08f2e7c1cd158311a4c9.js","script","twitter.com","Twitter","US","Twitter"
"2.08","https://platform.twitter.com/_next/static/chunks/runtime-74f234aa9436f2491c35.js","script","twitter.com","Twitter","US","Twitter"
"2.08","https://platform.twitter.com/_next/static/wzQGmsQhwwAORd-fa3erc/_buildManifest.js","script","twitter.com","Twitter","US","Twitter"
"2.08","https://platform.twitter.com/_next/static/wzQGmsQhwwAORd-fa3erc/_ssgManifest.js","script","twitter.com","Twitter","US","Twitter"
"2.08","https://platform.twitter.com/js/horizon_timeline.5b32f06df3f1186af2ebf11024b09726.js","script","twitter.com","Twitter","US","Twitter"
"2.08","https://pool.admedo.com/sync","image","admedo.com","","",""
"2.08","https://pool.admedo.com/ul_cb/sync","image","admedo.com","","",""
"2.08","https://prebid.a-mo.net/a/c","xhr","a-mo.net","","",""
"2.08","https://prebid.smilewanted.com/","xhr","smilewanted.com","","",""
"2.08","https://prod-ingestion.tracking.v2.yieldlove-ad-serving.net/v2/auction","xhr","yieldlove-ad-serving.net","","",""
"2.08","https://prod-ingestion.tracking.v2.yieldlove-ad-serving.net/v2/session","xhr","yieldlove-ad-serving.net","","",""
"2.08","https://rtb.openx.net/openrtbb/prebidjs","xhr","openx.net","OpenX","US","OpenX"
"2.08","https://s0.wp.com/wp-content/blog-plugins/wordads-classes/js/app.bundle.js","script","wp.com","Wordpress","US","Wordpress > Automattic"
"2.08","https://s0.wp.com/wp-content/blog-plugins/wordads-classes/js/notice.bundle.js","script","wp.com","Wordpress","US","Wordpress > Automattic"
"2.08","https://s0.wp.com/wp-content/themes/h4/global.css","stylesheet","wp.com","Wordpress","US","Wordpress > Automattic"
"2.08","https://s1.adform.net/stoat/626/s1.adform.net/bootstrap.js","script","adform.net","AdForm","DK","AdForm"
"2.08","https://secure-assets.rubiconproject.com/utils/xapi/multi-sync.html","document","rubiconproject.com","Rubicon Project","US","Rubicon Project"
"2.08","https://securepubads.g.doubleclick.net/gampad/ads","xhr","doubleclick.net","DoubleClick","US","DoubleClick > Google > Alphabet"
"2.08","https://securepubads.g.doubleclick.net/tag/js/gpt.js","script","doubleclick.net","DoubleClick","US","DoubleClick > Google > Alphabet"
"2.08","https://spl.zeotap.com/","image","zeotap.com","Zeotap","DE","Zeotap"
"2.08","https://ssbsync.smartadserver.com/api/sync","document","smartadserver.com","Smart AdServer","FR","Smart AdServer"
"2.08","https://ssbsync.smartadserver.com/api/sync","image","smartadserver.com","Smart AdServer","FR","Smart AdServer"
"2.08","https://ssum-sec.casalemedia.com/usermatchredir","document","casalemedia.com","Index Exchange","CA","Index Exchange"
"2.08","https://static.addtoany.com/menu/svg/icons/facebook.js","script","addtoany.com","","",""
"2.08","https://static.addtoany.com/menu/svg/icons/twitter.js","script","addtoany.com","","",""
"2.08","https://static.cleverpush.com/channel/loader/QTWrbN5zWDT3m4obs.js","script","cleverpush.com","","",""
"2.08","https://static.cleverpush.com/sdk/chunk/103.b06b9a0145dcabe481ae.js","script","cleverpush.com","","",""
"2.08","https://static.cleverpush.com/sdk/chunk/115.ba0d7343026308ac5af6.js","script","cleverpush.com","","",""
"2.08","https://static.cleverpush.com/sdk/chunk/251.ff5b3c0c290e9961835b.js","script","cleverpush.com","","",""
"2.08","https://static.cleverpush.com/sdk/chunk/5.114db37e0f7e023a27ac.js","script","cleverpush.com","","",""
"2.08","https://static.cleverpush.com/sdk/chunk/720.88a3607d4c17ce2453f0.js","script","cleverpush.com","","",""
"2.08","https://static.cleverpush.com/sdk/chunk/818.2053369c6ba49d7081f4.js","script","cleverpush.com","","",""
"2.08","https://static.cloudflareinsights.com/beacon.min.js/vaafb692b2aea4879b33c060e79fe94621666317369993","script","cloudflareinsights.com","","",""
"2.08","https://static.criteo.net/js/ld/publishertag.prebid.js","xhr","criteo.net","Criteo","FR","Criteo"
"2.08","https://static.mailerlite.com/js/w/ml_jQuery.inputmask.bundle.min.js","script","mailerlite.com","","",""
"2.08","https://static.mailerlite.com/js/w/webforms.min.js","script","mailerlite.com","","",""
"2.08","https://static.smilewanted.com/js/decode_consent/decode_consent.js","script","smilewanted.com","","",""
"2.08","https://sync-eu.connectad.io/pixel/1","document","connectad.io","","",""
"2.08","https://sync-eu.connectad.io/syncer/1","document","connectad.io","","",""
"2.08","https://sync.1rx.io/usersync2/pubmatic","document","1rx.io","Blinkx","US","Blinkx > RhythmOne > Taptica > Marimedia"
"2.08","https://sync.connectad.io/umatch/1","document","connectad.io","","",""
"2.08","https://sync.connectad.io/umatch/1","image","connectad.io","","",""
"2.08","https://sync.smartadserver.com/getuid","document","smartadserver.com","Smart AdServer","FR","Smart AdServer"
"2.08","https://syndication.twitter.com/i/jot","image","twitter.com","Twitter","US","Twitter"
"2.08","https://tpc.googlesyndication.com/pagead/js/r20221206/r20110914/client/m_js_controller_fy2021.js","script","googlesyndication.com","AdSense","US","AdSense > Google > Alphabet"
"2.08","https://tpc.googlesyndication.com/simgad/10884668166204393149/downsize_200k_v1","image","googlesyndication.com","AdSense","US","AdSense > Google > Alphabet"
"2.08","https://tpc.googlesyndication.com/simgad/5409967305770495370/downsize_200k_v1","image","googlesyndication.com","AdSense","US","AdSense > Google > Alphabet"
"2.08","https://track.adform.net/adfscript/","script","adform.net","AdForm","DK","AdForm"
"2.08","https://track.adform.net/adfserve/","script","adform.net","AdForm","DK","AdForm"
"2.08","https://track.adform.net/csimpr/","ping","adform.net","AdForm","DK","AdForm"
"2.08","https://track.adform.net/serving/unload/","ping","adform.net","AdForm","DK","AdForm"
"2.08","https://u.openx.net/w/1.0/cm","document","openx.net","OpenX","US","OpenX"
"2.08","https://warp.media.net/rtb/resource/adperformance.js","script","media.net","Media.net","US","Media.net"
"2.08","https://widgets.outbrain.com/images/widgetIcons/achoice.svg","image","outbrain.com","Outbrain","US","Outbrain"
"2.08","https://ws-eu.assoc-amazon.com/widgets/cm","document","assoc-amazon.com","","",""
"2.08","https://wt.rqtrk.eu/","image","rqtrk.eu","","",""
"2.08","https://ww1097.smartadserver.com/genericpost","other","smartadserver.com","Smart AdServer","FR","Smart AdServer"
"2.08","https://ww1097.smartadserver.com/genericpost","xhr","smartadserver.com","Smart AdServer","FR","Smart AdServer"
"2.08","https://www.facebook.com/plugins/like.php","document","facebook.com","Facebook","US","Facebook"
"2.08","https://www.google-analytics.com/plugins/ua/ec.js","script","google-analytics.com","Google Analytics","US","Google Analytics > Google > Alphabet"
"2.08","https://www.google.com/recaptcha/api2/reload","xhr","google.com","Google","US","Google > Alphabet"
"2.08","https://www.googletagservices.com/tag/js/gpt.js","script","googletagservices.com","Google Tag Manager","US","Google Tag Manager > Google > Alphabet"
"2.08","https://www.youtube.com/iframe_api","script","youtube.com","YouTube","US","YouTube > Google > Alphabet"
"2.08","https://www.youtube.com/player_api","script","youtube.com","YouTube","US","YouTube > Google > Alphabet"
"2.08","https://x.bidswitch.net/sync","document","bidswitch.net","Bidswitch","US","Bidswitch > IPONWEB"
"2.08","https://yieldlove-d.openx.net/w/1.0/pd","document","openx.net","OpenX","US","OpenX"
"1.39","https://a.audrte.com/a","image","audrte.com","","",""
"1.39","https://a.audrte.com/g","image","audrte.com","","",""
"1.39","https://a.audrte.com/ptag","script","audrte.com","","",""
"1.39","https://a.audrte.com/ptrack","xhr","audrte.com","","",""
"1.39","https://a.vidoomy.com/api/rtbserver/cookie","image","vidoomy.com","","",""
"1.39","https://a4p.adpartner.pro/ssp/match","image","adpartner.pro","","",""
"1.39","https://abs.twimg.com/sticky/animations/like.4.json","fetch","twimg.com","Twitter","US","Twitter"
"1.39","https://accounts.google.com/ServiceLogin","document","google.com","Google","US","Google > Alphabet"
"1.39","https://acdn.adnxs.com/html5-lib/1.3.0/appnexus-html5-lib.min.js","script","adnxs.com","Xandr","US","Xandr > AT&T"
"1.39","https://acdn.adnxs.com/html5-lib/host/1.4.0/appnexus-html5-lib-host.min.js","script","adnxs.com","Xandr","US","Xandr > AT&T"
"1.39","https://ad4m.at/ad/sim/ix","image","ad4m.at","","",""
"1.39","https://ads.themoneytizer.com/moneybid7_22/build/dist/prebid.js","script","themoneytizer.com","","",""
"1.39","https://ads.themoneytizer.com/moneybid7_22/build_noconsent/dist/prebid.js","script","themoneytizer.com","","",""
"1.39","https://ads.us.e-planning.net/uspd/1/","document","e-planning.net","","",""
"1.39","https://adx.adform.net/adx/unload/","ping","adform.net","AdForm","DK","AdForm"
"1.39","https://affiliate.vitaminum.net/scripts/imp.php","image","vitaminum.net","","",""
"1.39","https://ajax.googleapis.com/ajax/libs/jquery/1.11.2/jquery.min.js","script","googleapis.com","Google APIs","US","Google APIs > Google > Alphabet"
"1.39","https://analytics.webpushr.com/impression/session","fetch","webpushr.com","","",""
"1.39","https://api.na-backend.odysee.com/api/v1/proxy","fetch","odysee.com","","",""
"1.39","https://api.na-backend.odysee.com/api/v1/proxy","other","odysee.com","","",""
"1.39","https://api.na-backend.odysee.com/api/v2/status","fetch","odysee.com","","",""
"1.39","https://api.odysee.com/file/list_blocked","fetch","odysee.com","","",""
"1.39","https://api.odysee.com/file/list_filtered","fetch","odysee.com","","",""
"1.39","https://api.odysee.com/geo/blocked_list","fetch","odysee.com","","",""
